time,band,flux,flux_err,zp,flags,zpsys
2458351.7595949,p48g,10.557981975717725,45.999831193038005,26.013934,2050.0,ab
2458352.6963194,p48g,-4.009106221231278,49.89807941942338,25.972718,2050.0,ab
2458306.7284028,p48g,161.13377198972097,20.253232930012715,25.94530001,2050.0,ab
2458304.805081,p48g,165.1030895537436,23.281353892808337,26.0699,2050.0,ab
2458294.7233681,p48g,-111.54466091172895,51.47161602651254,26.120102,2050.0,ab
2458313.7427546,p48g,316.32438792543803,22.801534174494243,25.921074009999998,2050.0,ab
2458326.6960532,p48g,221.4503689780248,66.074987892889,26.047167990000002,2050.0,ab
2458292.7222454,p48g,82.76560043269816,42.49431082513096,26.068576,2050.0,ab
2458366.714537,p48g,-5.359930236210902,22.313822981716058,26.057579009999998,2050.0,ab
2458361.6809375,p48g,66.79891618096514,25.3272684463239,26.037572009999998,2050.0,ab
2458302.6979398,p48g,37.173433892063606,21.36667404658529,26.00130851,2050.0,ab
2458350.7433796,p48g,44.00835151913673,41.41172524036257,25.965910009999998,2050.0,ab
2458352.6826505,p48g,10.189512453441303,49.51562013518336,26.005179990000002,2050.0,ab
2458332.6975347,p48g,203.7228201093327,22.421526421276077,25.9492665,2050.0,ab
2458311.8319792,p48g,207.73764972050728,23.195126654102722,25.612754489999997,2050.0,ab
2458360.6579398,p48g,35.47987519142973,25.669900765439973,26.072472,2050.0,ab
2458316.8614815,p48g,293.6607776766414,23.43419202385926,25.755172,2050.0,ab
2458301.7620833,p48g,48.821075571153244,34.60510905518568,26.110322,2050.0,ab
2458319.678287,p48g,295.0334466022367,36.511645078204,25.92754001,2050.0,ab
2458325.682963,p48g,285.3514740396878,60.9106410217461,25.978047,2050.0,ab
2458289.6869329,p48g,6.446924742076455,33.33943607447274,26.096710499999997,2050.0,ab
2458327.677963,p48g,305.96677685504926,66.13228578466708,25.95624301,2050.0,ab
2458351.7467361,p48g,22.35632049907335,44.90888196001909,26.0320045,2050.0,ab
2458382.7035764,p48g,37.842206440374035,56.61540772873829,25.980395,2050.0,ab
2458294.6984722,p48g,-62.477600523824734,51.191250742365256,26.133149000000003,2050.0,ab
2458290.6992593,p48g,62.336273494333525,35.9391896652294,26.029278,2050.0,ab
2458377.6959144,p48g,35.89744873409535,35.72929496786721,26.044856999999997,2050.0,ab
2458390.6400579,p48g,-10.942461318672345,27.710899100481644,26.11732151,2050.0,ab
2458304.7177315,p48g,189.35050861039952,21.72533528062786,26.078579,2050.0,ab
2458288.8592477,p48g,-5.23590924113941,22.66409371543171,25.990607009999998,2050.0,ab
2458331.7776389,p48g,82.9759207300411,44.92081847472204,25.8312315,2050.0,ab
2458305.8020486,p48g,180.33713933600808,21.281359150147143,26.016818,2050.0,ab
2458368.721713,p48g,-0.7997702766934935,25.394461578865663,26.027456,2050.0,ab
2458292.8441435,p48g,-48.26698614095811,41.35011591606064,26.025809,2.0,ab
2458289.8651736,p48g,6.235749036454421,23.561997716937846,26.04791101,2050.0,ab
2458374.6965278,p48g,25.604481354987264,27.94184005031748,26.092553000000002,2050.0,ab
2458349.6734491,p48g,99.82316115203972,36.58999203184425,25.9451815,2050.0,ab
2458324.7622222,p48g,237.38475327599008,59.85916086877789,25.918924,2050.0,ab
2458369.7240278,p48g,12.700652003279302,27.74971501048229,26.03058551,2050.0,ab
2458372.7399074,p48g,23.48391673223483,28.521113904691358,26.025762999999998,2050.0,ab
2458290.7010995,p48g,28.811007165305792,35.699371780746965,26.0125695,2050.0,ab
2458299.7061574,p48g,-37.17737707158011,41.00081816049386,26.111625999999998,2050.0,ab
2458361.6578009,p48g,40.21243299402677,25.14316847680453,26.01137799,2050.0,ab
2458368.6981713,p48g,20.39956119150956,24.765911868950294,26.043358,2050.0,ab
2458321.6953125,p48g,387.61380470176863,43.971678230662334,25.920997500000002,2050.0,ab
2458344.6639699,p48g,20.16462446583416,25.036753903689213,25.965707000000002,2050.0,ab
2458323.8605671,p48g,267.95707830710273,56.66276860846225,25.941096,2050.0,ab
2458298.7234375,p48g,-66.37182964145808,54.68673319765923,26.107699,2050.0,ab
2458370.6770833,p48g,29.969306960115055,25.204368686121555,26.05794599,2050.0,ab
2458286.7444444,p48g,12.78094123497976,19.53370942389507,26.148912999999997,2050.0,ab
2458329.6800926,p48g,135.36053612189068,27.8912385302773,25.76238149,2050.0,ab
2458307.7445718,p48g,244.30915545550386,21.650490629734822,25.952205000000003,2050.0,ab
2458367.71875,p48g,49.67140517440433,25.91760180901738,25.973225499999998,2050.0,ab
2458385.6179745,p48g,53.907388372941234,65.9304281919581,26.1548315,2050.0,ab
2458370.716794,p48g,4.057576389256699,27.159153308361113,26.0077885,2050.0,ab
2458313.8486806,p48g,309.7169184588827,24.738948525790732,25.77404701,2050.0,ab
2458320.6959722,p48g,355.5265602873096,38.15376293521053,26.011414,2050.0,ab
2458361.714537,p48g,-3.968959267364607,32.8242399005474,26.05990249,2050.0,ab
2458322.6809144,p48g,371.9199783320708,44.16918847440525,26.02789899,2050.0,ab
2458325.6811111,p48g,308.1049579265623,60.74516656152148,25.97496149,2050.0,ab
2458389.6809838,p48g,136.31917746943748,52.751715635977796,25.957467,2050.0,ab
2458290.7271065,p48g,-19.99043470943854,34.52805178360443,26.05562749,2050.0,ab
2458349.6957176,p48g,-12.948469845380915,37.118550824788244,25.965261,2050.0,ab
2458311.7415972,p48g,252.43039534721527,22.40742909248725,25.66121301,2050.0,ab
2458349.6530208,p48g,33.702054947853256,40.06266177207043,26.099282,2050.0,ab
2458330.7020486,p48g,117.32411831564005,27.569172453018513,25.935192999999998,2050.0,ab
2458350.7625116,p48g,123.44963531043908,42.30721398257659,25.9135915,2050.0,ab
2458293.7163657,p48g,-13.278108826561382,46.95204995051603,25.94931499,2050.0,ab
2458390.6196528,p48g,35.64544658878489,28.09389678796191,26.139238000000002,2050.0,ab
2458368.7226852,p48g,25.821196026892395,25.315660740692046,26.034535,2050.0,ab
2458385.6589583,p48g,-43.63334110123303,72.5890283112058,26.0367215,2050.0,ab
2458376.7259028,p48g,14.527774715580914,32.35835350899854,25.996124000000002,2050.0,ab
2458304.7026157,p48g,121.68904749619819,22.013982824137436,26.0754495,2050.0,ab
2458327.6964005,p48g,176.1606878871893,69.80994621261866,25.95598399,2050.0,ab
2458286.7284722,p48g,17.706818152271595,20.125035085846925,26.11795201,2050.0,ab
2458289.6987153,p48g,45.02308126412237,32.11700135632187,26.103483999999998,2050.0,ab
2458381.6748727,p48g,69.97201259489692,48.02343443176398,26.05997149,2050.0,ab
2458300.8046759,p48g,-27.578899319515145,47.700828993708164,26.060616999999997,2050.0,ab
2458389.6328125,p48g,2.3368497808330773,27.56081339605712,26.075673,2050.0,ab
2458300.7028472,p48g,14.86272213991045,23.13291454787069,26.077762,2050.0,ab
2458307.7177778,p48g,229.64599717488716,21.800260554565302,25.983567999999998,2050.0,ab
2458366.7054167,p48g,29.191849557772343,22.15839395580054,26.060204,2050.0,ab
2458308.7144213,p48g,262.6360510800203,21.420673023055464,25.9962205,2050.0,ab
2458298.7030324,p48g,-43.343144937422366,52.39434062578303,26.10240601,2050.0,ab
2458312.8309259,p48g,271.1978264102127,23.922951075109395,25.75047499,2050.0,ab
2458325.703912,p48g,227.86680811303535,61.600444516006114,25.9805505,2050.0,ab
2458328.679456,p48g,130.6768370122088,48.377752407260466,25.987804,2050.0,ab
2458292.7071759,p48g,-7.771265848567507,42.908635620073234,26.150304,2050.0,ab
2458288.7289236,p48g,20.721526169442654,28.023797708714472,26.126468999999997,2050.0,ab
2458293.7003704,p48g,-34.17476349676378,47.09386510033875,25.9818495,2050.0,ab
2458347.700706,p48g,44.27630641243985,30.753368855736692,25.901369510000002,2050.0,ab
2458378.6557176,p48g,-2.9209729513980527,35.34610278168314,26.1258625,2050.0,ab
2458295.7208912,p48g,-30.739146789767567,54.44141798762943,26.0143725,2050.0,ab
2458383.7031829,p48g,66.33245998742501,65.437087232936,25.96033651,2050.0,ab
2458362.7560185,p48g,123.33456215706799,37.08985096152934,25.95296401,2050.0,ab
2458286.7599884,p48g,12.556946234272115,18.978708918234886,26.115055010000003,2050.0,ab
2458305.6996991,p48g,161.60366567954424,22.094123597887922,25.866184999999998,2050.0,ab
2458308.6981597,p48g,308.5879522817044,21.726420219919913,25.883798,2050.0,ab
2458331.7635069,p48g,111.0147358369112,42.84814818125226,25.82265,2050.0,ab
2458383.6815741,p48g,-0.36547885326244955,61.69967782102322,26.001521490000002,2050.0,ab
2458301.7830556,p48g,78.36540285142534,38.42877605329975,26.10603,2050.0,ab
2458351.7819444,p48g,-21.08137851299214,47.26050741140512,25.994163999999998,2050.0,ab
2458302.6989236,p48g,95.73949088445934,21.434903362237662,25.99145801,2050.0,ab
2458331.7441088,p48g,145.1881692447767,36.030485583856546,25.871696500000002,2050.0,ab
2458372.7222106,p48g,17.539594721450705,27.401013792680924,26.03090899,2050.0,ab
2458305.7010995,p48g,161.46885146975922,22.07592422549066,25.851151989999998,2050.0,ab
2458365.7362731,p48g,5.861748683614596,24.597366619807048,25.971792,2050.0,ab
2458374.7162037,p48g,30.055290528526566,28.952099439294003,26.0095265,2050.0,ab
2458322.7026157,p48g,312.5219088004069,43.3903972742131,25.999302,2050.0,ab
2458369.7415741,p48g,40.770840895366355,28.685260419205044,25.954202,2050.0,ab
2458368.7378009,p48g,11.587846703990792,26.073462536490062,25.87773601,2050.0,ab
2458299.7259028,p48g,137.63936077449526,45.629583223095764,26.0972725,2050.0,ab
2458377.7179398,p48g,-7.138662686884366,36.66623753207618,25.988972999999998,2.0,ab
2458385.6170023,p48g,122.44392985654346,66.37986377111369,26.114922,2050.0,ab
2458300.719537,p48g,38.24666514858136,32.38331986820009,26.061355000000002,2050.0,ab
2458308.6972454,p48g,272.8406178722619,21.657834543609106,25.859811,2050.0,ab
2458307.8224537,p48g,233.27526844177225,22.153846082098344,25.861186,2050.0,ab
2458366.7390278,p48g,62.2896992610428,23.583350223014268,26.037137,2050.0,ab
2458382.6726042,p48g,85.88682564400486,52.63881872380467,26.072354989999997,2.0,ab
2458308.8867361,p48g,185.16923688841194,27.451432156598475,25.589441,2050.0,ab
2458299.6803125,p48g,61.128520994211996,32.07904053649533,26.123256,2050.0,ab
2458385.6383449,p48g,33.18220135414937,68.45204498693472,26.069165499999997,2050.0,ab
2458314.7386574,p48g,372.91951072920506,22.615292209003492,25.875777,2050.0,ab
2458293.7012847,p48g,-21.215126541061764,47.316067447394886,26.06180499,2050.0,ab
2458288.8468634,p48g,-18.743983573849466,22.68698081557744,26.123251,2050.0,ab
2458290.7476968,p48g,-6.220396273856842,34.41889422262181,26.058016000000002,2050.0,ab
2458301.8052315,p48g,44.48033095345991,40.774752562850495,26.084824,2050.0,ab
2458293.6857755,p48g,68.84101085369073,48.44975781694365,26.066866,2050.0,ab
2458314.8402315,p48g,252.95093107819127,24.82911294910093,25.67605499,2050.0,ab
2458299.6793981,p48g,0.4803243594004032,32.516188749873244,26.09757801,2050.0,ab
2458350.7953241,p48g,79.42095893263205,42.70226814028662,25.9107045,2050.0,ab
2458323.7820023,p48g,317.3176212322625,53.959725993262,25.961457,2050.0,ab
2458350.744294,p48g,45.767253499114744,41.16836977392888,25.97440049,2050.0,ab
2458332.7165394,p48g,171.74480422761062,22.48952769631261,25.9223575,2050.0,ab
2458324.7821759,p48g,205.54694631883746,58.99199256319743,25.87854999,2050.0,ab
2458314.8198843,p48g,349.168108657677,24.70009196231468,25.721172,2050.0,ab
2458326.6765394,p48g,295.8687695091137,65.00694088592867,26.052092000000002,2050.0,ab
2458370.6961343,p48g,50.874653992069625,26.191667698936484,26.0572135,2050.0,ab
2458389.6573264,p48g,48.474187927238646,37.045511990643604,25.982509,2050.0,ab
2458319.6792014,p48g,261.85440452663204,36.08170054222037,25.89985699,2050.0,ab
2458295.7049421,p48g,-1.0411805220267825,54.60621025164488,26.075677000000002,2050.0,ab
2458372.7073843,p48g,49.192091008888966,26.959257513755432,26.110851,2050.0,ab
2458305.7263426,p48g,175.9377436466806,21.62466840143154,25.966994,2050.0,ab
2458367.7425463,p48g,11.350909833174729,27.382103004908362,25.88402301,2050.0,ab
2458331.7450231,p48g,211.64848866724574,36.67757969441009,25.912578,2050.0,ab
2458390.6205787,p48g,0.7118861569124135,28.186560673434602,26.083827499999998,2050.0,ab
2458365.7377431,p48g,-10.31808443121011,24.542554610665764,25.834741,2050.0,ab
2458292.7204051,p48g,-29.35940868181035,43.3890751456326,26.108414500000002,2050.0,ab
2458374.7392477,p48g,-19.130988129956634,30.601355037206133,25.910395010000002,2050.0,ab
2458323.7805903,p48g,245.91653921533631,55.20741910875334,26.049056999999998,2050.0,ab
2458323.8871644,p48g,280.67483896631927,57.93090664648871,25.865482009999997,2050.0,ab
2458313.8239352,p48g,335.09870368852495,24.044351471792464,25.87858101,2050.0,ab
2458329.6819676,p48g,202.13844136070364,29.633415359594352,25.902259,2050.0,ab
2458349.6596296,p48g,43.192011141194484,37.77000968836991,25.981447,2050.0,ab
2458314.7367593,p48g,349.309929665814,23.096130453229822,25.890445,2050.0,ab
2458368.7387384,p48g,51.6263868272077,26.138227272579687,25.908815999999998,2050.0,ab
2458288.8606597,p48g,8.694083408367053,22.979906126181582,26.1126195,2050.0,ab
2458365.7852315,p48g,-13.542862519182357,28.01955076131251,25.771558,2050.0,ab
2458288.8463773,p48g,-8.121606929611763,22.72127167027329,26.1790275,2050.0,ab
2458383.6800926,p48g,37.683760918191446,63.006418783609455,25.970240989999997,2050.0,ab
2458386.6228819,p48g,-52.62778721831904,71.57300009802348,26.05806699,2050.0,ab
2458366.7385417,p48g,46.50114293896732,23.927985032171204,25.986147,2050.0,ab
2458314.7381713,p48g,414.7047074577419,23.26705821685855,25.950475,2050.0,ab
2458368.720787,p48g,-9.415543550890469,25.480569798014667,25.97517999,2050.0,ab
2458387.7027894,p48g,-34.81732953303501,81.35717488484269,25.890745,2050.0,ab
2458390.6214815,p48g,4.519692027794451,28.009825218471278,26.124265,2050.0,ab
2458294.6965856,p48g,14.303602915902147,52.28723328969042,26.167918,2050.0,ab
2458326.6793634,p48g,210.59787509777613,66.60189028321896,26.041742000000003,2050.0,ab
2458377.7029051,p48g,82.80641651896318,36.509044189330574,26.047333000000002,2050.0,ab
2458334.6859491,p48g,136.18057591323435,23.865501554273788,26.08074,2050.0,ab
2458369.7406134,p48g,31.8148610101687,29.02239223510574,25.9360425,2050.0,ab
2458381.6763079,p48g,-70.92251761208239,49.07694662231501,25.996924,2050.0,ab
2458293.703669,p48g,31.805613859776845,48.13134469508642,26.1239715,2050.0,ab
2458319.6759606,p48g,386.588556411391,38.294186554160106,25.954600029999998,2050.0,ab
2458351.8128241,p48g,21.785237559185184,50.05213370003182,25.77275999,2050.0,ab
2458361.6587269,p48g,52.16606746248246,24.83367022079535,26.065797,2050.0,ab
2458291.8406713,p48g,58.44420422047574,35.9352235132636,26.129056,2050.0,ab
2458366.7049306,p48g,31.70674260490802,22.309384717206854,26.022767010000003,2050.0,ab
2458323.9076852,p48g,244.62281129267868,54.01010954487007,25.82464701,2050.0,ab
2458332.6994676,p48g,161.5265138340987,22.958433474977287,26.078469000000002,2050.0,ab
2458371.6988542,p48g,-15.830272211121436,25.670599213879093,26.04856849,2050.0,ab
2458286.7604745,p48g,28.71591906667723,19.098240524592622,26.171300000000002,2050.0,ab
2458322.6988773,p48g,363.83914520959956,44.344852915716686,26.103719,2050.0,ab
2458293.7017708,p48g,-27.180550391784745,48.091170080912896,26.0750785,2050.0,ab
2458325.682037,p48g,238.74243042504997,69.93892313960839,25.84622699,2050.0,ab
2458289.8852546,p48g,-53.14658608788431,23.813162233087887,26.050561000000002,2050.0,ab
2458377.6982407,p48g,50.6878678780864,36.401735124910964,25.99352,2050.0,ab
2458319.7005787,p48g,330.9446731737717,34.44869091795368,25.941473000000002,2050.0,ab
2458332.6870949,p48g,118.18159903215621,23.168696146003814,26.0851165,2050.0,ab
2458387.7205671,p48g,-65.69512460543191,86.47824179787744,25.84109949,2050.0,ab
2458301.7840046,p48g,98.84049688019508,39.346167288404075,26.1251715,2050.0,ab
2458370.6784954,p48g,-22.041278801767174,25.291062501958855,26.054883999999998,2050.0,ab
2458340.8279745,p48g,35.125211088025225,25.425989401186026,24.767313,2050.0,ab
2458389.63375,p48g,-9.768165827785728,28.357994142023273,25.981768,2050.0,ab
2458386.6371528,p48g,112.97068360246617,76.46576728903506,26.057395,2050.0,ab
2458318.8937269,p48g,333.0932616405802,27.590956884487127,25.9686465,2050.0,ab
2458367.7420602,p48g,17.27485821241696,27.3818730869053,25.8917225,2050.0,ab
2458315.886169,p48g,261.7843812875914,28.15219185350716,25.6335745,2050.0,ab
2458289.8665741,p48g,-16.579608115671025,23.53572210619639,26.107763,2050.0,ab
2458299.7245023,p48g,79.43643593686309,46.09833000837443,26.09813501,2050.0,ab
2458320.6997106,p48g,463.23441299181604,38.67956143282758,26.100838,2050.0,ab
2458322.7262384,p48g,292.6855151403985,44.943062481223514,26.12846399,2050.0,ab
2458389.6814699,p48g,-126.57763629064684,54.95066249116786,25.904635999999996,2050.0,ab
2458387.7214815,p48g,15.39061969991539,86.79834163391943,25.84822901,2.0,ab
2458373.7017014,p48g,12.682864110611238,26.16863704596573,25.9815155,2050.0,ab
2458299.6807986,p48g,-56.61326604695313,32.13493353128697,26.140428500000002,2050.0,ab
2458325.7015278,p48g,256.92433491074047,63.32518985908964,26.0092665,2050.0,ab
2458320.6773264,p48g,396.1682495454314,41.08402715472795,26.1087705,2050.0,ab
2458352.6803009,p48g,29.27937049107843,50.15596920237115,25.9407845,2050.0,ab
2458321.6863079,p48g,383.14262176388905,46.55102740321529,25.980928000000002,2050.0,ab
2458379.6595718,p48g,22.350993424729324,39.34873847963865,26.039453,2050.0,ab
2458321.6929745,p48g,333.4587459462175,46.0761890980921,25.971273,2050.0,ab
2458365.734375,p48g,-20.453692418200532,24.507238685507655,25.909492999999998,2050.0,ab
2458369.7864583,p48g,0.6350374853453467,32.785549542043675,25.853415000000002,2050.0,ab
2458367.7202431,p48g,29.56520143974514,26.059871821571342,25.94572899,2050.0,ab
2458317.8509954,p48g,335.8643639292553,23.987463676290147,25.86443401,2050.0,ab
2458324.783588,p48g,375.8935760141639,60.62521052288085,26.044667999999998,2050.0,ab
2458384.7202778,p48g,145.2140303435703,80.59317206485137,25.858614,2050.0,ab
2458372.7633333,p48g,31.586491178552357,30.731703957313563,25.962838,2050.0,ab
2458326.6979167,p48g,364.21546685254316,68.14498934280658,26.104582,2050.0,ab
2458299.7043171,p48g,19.591065058561753,41.15679760732869,26.11656899,2050.0,ab
2458295.8682523,p48g,137.1901296051816,61.503160087255466,26.039219999999997,2050.0,ab
2458385.6165278,p48g,-41.73322481684302,67.82000345232743,26.087201999999998,2050.0,ab
2458377.7421991,p48g,-11.590238812383964,37.12209663999868,25.910123510000002,2050.0,ab
2458364.7179398,p48g,40.753435680162355,22.70030333669485,25.955157,2050.0,ab
2458308.8876852,p48g,161.11642746763874,29.90346124748515,25.474737,2050.0,ab
2458370.7191319,p48g,25.801289768064954,27.674245348350823,26.01714751,2050.0,ab
2458293.7209954,p48g,-65.32602250390893,48.1819007443262,26.094510999999997,2050.0,ab
2458316.8624074,p48g,297.41673340115665,23.71552104931683,25.838396999999997,2050.0,ab
2458301.7639468,p48g,53.34862986245801,35.80298716622433,26.135411,2050.0,ab
2458294.7210185,p48g,-125.0346520034256,51.98286798636923,26.160943000000003,2050.0,ab
2458298.7210995,p48g,-15.439566245079595,55.78636078300663,26.1350345,2050.0,ab
2458370.6985185,p48g,33.49339726247518,26.40303051745089,26.022749989999998,2050.0,ab
2458379.6968287,p48g,10.13364713886395,42.05161769269893,26.038073999999998,2050.0,ab
2458304.8027315,p48g,151.4787438880039,22.59453400454544,26.120321509999997,2050.0,ab
2458366.7140509,p48g,31.370653958148008,22.622985877467702,25.95619949,2050.0,ab
2458328.6836458,p48g,304.94181360252344,51.23060148099879,26.094766,2050.0,ab
2458387.6804282,p48g,5.541744854072157,75.56657942374986,25.92067351,2050.0,ab
2458308.6990972,p48g,264.2103739991523,21.806335816194665,25.991382,2050.0,ab
2458383.7022454,p48g,56.09624506143939,66.32723579610092,25.919569,2050.0,ab
2458331.8042361,p48g,187.35892509547068,50.144009058373896,25.953043,2050.0,ab
2458377.7193403,p48g,79.47177779067735,37.25630726651204,25.9919595,2050.0,ab
2458322.7011921,p48g,389.680543941392,44.33563189954163,26.078455990000002,2050.0,ab
2458295.7190162,p48g,-27.92369307123297,55.61817184406644,26.011166,2050.0,ab
2458367.7635648,p48g,11.50781515826316,28.907393212418263,25.898293,2050.0,ab
2458384.7193634,p48g,67.84268445456276,80.13684424331352,25.883718000000002,2050.0,ab
2458321.890625,p48g,310.2218113697671,29.44069346686288,25.95114049,2050.0,ab
2458294.8677199,p48g,5.73677669147065,56.34422237827509,26.11527601,2050.0,ab
2458313.7436921,p48g,376.03757353587946,22.800673198012127,25.96828299,2050.0,ab
2458349.6724653,p48g,7.419414225734224,37.30477717718832,26.045035000000002,2050.0,ab
2458331.762581,p48g,113.23975571899278,47.53490665501855,25.4558175,2050.0,ab
2458361.7125926,p48g,14.974015663478859,31.781172522180942,26.091188,2050.0,ab
2458368.7231713,p48g,22.607761085977607,25.574091789065115,26.029280500000002,2050.0,ab
2458382.7191898,p48g,-58.09363441927922,59.616560274355045,25.904988,2050.0,ab
2458290.702037,p48g,-40.14520274716417,36.11924572882359,26.079389,2050.0,ab
2458390.6391435,p48g,18.990599248759796,28.19848935174398,26.102975,2050.0,ab
2458330.6987731,p48g,189.2570187599227,25.832305479499137,26.0030025,2050.0,ab
2458373.7212847,p48g,-7.616322496912921,26.69794507576925,25.92979099,2050.0,ab
2458330.6770139,p48g,200.75803895549382,23.95742088920581,26.041026,2050.0,ab
2458379.6814699,p48g,33.48378934340654,40.695996172376994,26.07134099,2050.0,ab
2458311.8329051,p48g,293.2272488068743,23.54012933609208,25.756058,2050.0,ab
2458304.7191319,p48g,156.90512471155233,21.584438953476223,26.139429,2050.0,ab
2458300.7190509,p48g,30.61646824533289,32.371515046822665,26.083935,2050.0,ab
2458314.8212963,p48g,339.59544271533844,25.168154387191926,25.800613,2050.0,ab
2458290.725706,p48g,-56.35881132751603,35.33751484005776,26.118634,2050.0,ab
2458343.6755208,p48g,76.85908859225994,22.65483915968406,26.004704,2050.0,ab
2458327.6996875,p48g,224.24476874181286,72.85921300376721,25.9853515,2050.0,ab
2458312.8473843,p48g,228.23264671081455,26.71653526752744,25.698412010000002,2050.0,ab
2458331.7464352,p48g,193.39820154891476,38.04356605805672,26.0426475,2050.0,ab
2458299.6831597,p48g,36.51630049412459,31.706365891012883,26.135124,2050.0,ab
2458306.8071296,p48g,191.17614748266442,21.602614681888838,25.960413,2050.0,ab
2458307.8238657,p48g,185.97786347330128,22.896650319051965,25.9386045,2050.0,ab
2458378.6755903,p48g,-56.26999918047959,36.93150309155587,26.07038999,2050.0,ab
2458374.740162,p48g,7.563155859795092,30.870774169386586,25.950462,2050.0,ab
2458352.6646296,p48g,138.9463717136682,49.38297597580342,25.94053,2.0,ab
2458292.8455556,p48g,-50.305308770951505,42.65661116681088,26.100068,2050.0,ab
2458382.6751157,p48g,-18.905285015237055,54.47828327478344,26.031426,2050.0,ab
2458375.7154051,p48g,8.372933512426037,29.899339031383455,26.029533,2050.0,ab
2458306.8217477,p48g,224.0323346390374,21.773965030339664,25.971471,2050.0,ab
2458328.681331,p48g,154.94700303503964,50.0994224296175,26.0840705,2050.0,ab
2458352.6977315,p48g,20.384918126440464,50.7225853164979,25.9260585,2050.0,ab
2458322.6780903,p48g,290.03754466753855,45.71290589070312,26.155723,2050.0,ab
2458288.8863657,p48g,42.6937872904285,23.563649667862055,26.092705,2050.0,ab
2458301.8075694,p48g,9.69953825347914,42.01108425591079,26.110169,2.0,ab
2458360.654213,p48g,59.10164041499286,25.6323535937442,26.1527535,2050.0,ab
2458305.7038657,p48g,151.42536626506435,21.877007478383874,25.9415045,2050.0,ab
2458381.7140856,p48g,2.5449901122155794,52.89907502564515,26.007584,2050.0,ab
2458383.7161806,p48g,-46.802741918201036,68.6934852498122,25.916946999999997,2050.0,ab
2458378.6571065,p48g,-10.502277520149354,35.71667864245922,26.1431655,2050.0,ab
2458373.7375,p48g,7.293603231414906,27.67926850486425,25.952184,2050.0,ab
2458378.7016088,p48g,-5.433308023159636,39.03164549067218,26.03701,2050.0,ab
2458286.7458449,p48g,-11.84205309123102,19.611088749839514,26.139950000000002,2050.0,ab
2458350.7452199,p48g,90.33097757921249,42.39486117053891,26.032579,2050.0,ab
2458384.7393403,p48g,-68.61070869047428,85.45759896265973,25.750473500000002,2.0,ab
2458376.7263773,p48g,-2.0192098726074352,32.783373416836184,25.967285,2050.0,ab
2458289.700162,p48g,-44.05661377335066,32.24781046715569,26.121575999999997,2050.0,ab
2458305.8057986,p48g,255.282862323703,21.41793917003993,26.054294,2050.0,ab
2458350.7634375,p48g,72.03357858946373,42.89010907573944,26.0175845,2050.0,ab
2458307.7168519,p48g,256.2649370699602,21.804036420342314,26.0564845,2050.0,ab
2458332.719838,p48g,176.31122766849722,23.09375564209178,26.060760000000002,2050.0,ab
2458313.8477431,p48g,356.48083430795305,24.8622171027864,25.978057,2050.0,ab
2458350.8226389,p48g,73.67151857535646,41.51327380319068,25.876976,2050.0,ab
2458386.6560185,p48g,78.89132993105544,82.31993169336099,26.0708875,2050.0,ab
2458382.7026273,p48g,31.979139423052466,57.38473947726589,25.97863451,2050.0,ab
2458381.6828356,p48g,-54.30896548068495,49.528657025154956,26.0054205,2050.0,ab
2458371.6997685,p48g,49.63809770396825,25.60370142293023,26.08256751,2050.0,ab
2458298.7011921,p48g,118.12392444757255,54.25210736725717,26.128898,2050.0,ab
2458375.7390509,p48g,37.29118064478251,31.52564114537465,25.955597,2050.0,ab
2458308.7000116,p48g,251.230882625292,22.041743364859677,25.9683515,2050.0,ab
2458308.7158218,p48g,319.48145217980266,21.915803578741798,26.063079,2050.0,ab
2458324.7608102,p48g,307.0202349266956,60.74525221816597,26.058747,2050.0,ab
2458365.7587269,p48g,46.20307793880194,26.1158524137632,25.87702999,2050.0,ab
2458330.6605787,p48g,97.10360869915354,49.263070054080735,26.074847,2050.0,ab
2458320.9074653,p48g,160.30970931909036,36.211942206195616,25.486752,2050.0,ab
2458372.7064583,p48g,7.092982777779458,27.329565338755852,26.07410399,2050.0,ab
2458376.7446644,p48g,21.44769682968142,33.26251491026542,25.936961,2050.0,ab
2458371.7382176,p48g,-9.435333081265243,27.40218843938125,25.9949405,2050.0,ab
2458307.7427083,p48g,287.14815553483527,21.812384581444373,26.02458,2050.0,ab
2458352.6627431,p48g,2.6702312223940474,49.39723150995069,25.96356301,2.0,ab
2458300.7046875,p48g,38.65095371111066,23.890556222944614,26.099118500000003,2050.0,ab
2458331.7616667,p48g,135.47397278332548,42.33689332940114,26.029291999999998,2050.0,ab
2458290.7462847,p48g,-12.061033436410806,34.68554272100471,26.10113199,2050.0,ab
2458380.6797106,p48g,-32.665540676957065,44.38013898990681,26.078420989999998,2050.0,ab
2458325.6806134,p48g,184.21198417546444,62.44497967027117,26.033888010000002,2050.0,ab
2458311.7411111,p48g,212.61218796368178,23.225085786352246,25.31377,2050.0,ab
2458351.7402199,p48g,12.920976532369856,45.46978816864858,25.9394365,2050.0,ab
2458372.7212847,p48g,18.83632948582607,27.758789453315497,26.004049000000002,2050.0,ab
2458349.6544329,p48g,-42.8541026367402,39.50779180304222,26.137702,2050.0,ab
2458385.6604398,p48g,70.0453017349717,75.57027287501629,25.97625199,2050.0,ab
2458295.7067824,p48g,-54.91793757518994,55.673327116928604,26.024718,2050.0,ab
2458385.6368056,p48g,-33.18637217352932,67.10750311161334,26.053471490000003,2050.0,ab
2458300.8041898,p48g,133.51259627039786,48.49039697929976,26.07392999,2050.0,ab
2458374.7181019,p48g,-21.269740837032526,29.03217590481942,25.973023010000002,2050.0,ab
2458346.6531829,p48g,60.56523871078458,37.335839108037746,26.003721000000002,2050.0,ab
2458305.7029514,p48g,178.81419119859,21.86972695184621,25.9442865,2050.0,ab
2458349.6952315,p48g,66.45203121771014,37.736458411178866,26.067829500000002,2050.0,ab
2458364.7383102,p48g,27.816859891204004,23.33168910755734,25.87684399,2050.0,ab
2458369.7569213,p48g,-3.841773354230293,30.14626419674783,25.892136,2050.0,ab
2458359.6442477,p48g,-31.401851117431143,38.55845814878937,24.364315,0.0,ab
2458360.6442245,p48g,-29.608139549219747,28.65725755025496,26.1165555,2050.0,ab
2458290.7247917,p48g,-43.24853906823748,35.153043132725365,26.103942,2050.0,ab
2458304.7035532,p48g,90.97573970287556,22.129002561587246,26.12152,2050.0,ab
2458371.7227431,p48g,50.24185744977704,26.51469473366816,26.01269301,2050.0,ab
2458293.8466088,p48g,4.116029026413486,48.849200495120485,26.173475,2050.0,ab
2458364.6939583,p48g,15.51282187569401,21.74670985760549,25.942672,2050.0,ab
2458292.708588,p48g,29.675126944798485,43.77246937974106,26.173517,2050.0,ab
2458337.6791435,p48g,106.57308282881074,22.955661098413707,26.1112405,2050.0,ab
2458368.7610764,p48g,7.8977146633546536,28.121192163349296,25.947921,2050.0,ab
2458314.8411574,p48g,337.43204018181586,25.095113820973673,25.8460055,2050.0,ab
2458305.724456,p48g,219.48226303974454,21.399762700923365,26.05848299,2050.0,ab
2458324.8030093,p48g,187.38351243606922,62.6305873914383,25.99394799,2050.0,ab
2458374.6985764,p48g,38.042014667294055,28.159584708177107,26.003364,2050.0,ab
2458361.6710301,p48g,36.2036817975981,25.333681466425087,26.140062,2050.0,ab
2458349.7807407,p48r,173.23713942787407,43.24899041517348,26.020744999999998,2050.0,ab
2458332.8252431,p48r,215.7578460421513,46.48124496297551,26.008242,2050.0,ab
2458375.6771759,p48r,61.556103252195115,36.505173341956606,26.110402,2050.0,ab
2458356.7433796,p48r,180.05360941863663,66.15990306890845,26.0548375,2050.0,ab
2458368.6604745,p48r,117.07814361844768,30.31791212304236,26.056280500000003,2050.0,ab
2458360.7422222,p48r,145.80667592148174,48.510696211954894,26.104326,2050.0,ab
2458331.7162963,p48r,274.9815035714033,30.090167988231197,26.058887,2050.0,ab
2458321.7622685,p48r,525.1992823134722,42.97389340410357,26.086459,2050.0,ab
2458369.6610069,p48r,118.56463462503736,31.95934937343295,26.0795485,2050.0,ab
2458376.6757639,p48r,97.9625574183209,37.52987343670452,26.106661000000003,2050.0,ab
2458385.6933449,p48r,41.274058004224386,68.96350043099336,26.045918,2050.0,ab
2458353.698287,p48r,197.18487088856588,47.11032399845834,26.1216085,2050.0,ab
2458297.8046759,p48r,149.43919949936193,59.89044288507871,26.04335399,2050.0,ab
2458305.8690278,p48r,251.77080742488127,34.78401232815916,25.888517989999997,2050.0,ab
2458301.8686458,p48r,133.51384115124236,43.20828861912099,25.972813499999997,2050.0,ab
2458328.7852894,p48r,386.9513343398849,61.8933909720292,26.023504,2050.0,ab
2458330.8210069,p48r,308.66338968538565,55.08900664977437,25.977494,2050.0,ab
2458320.8543403,p48r,490.10780100380305,32.91272923820133,26.066704,2050.0,ab
2458368.6419097,p48r,79.0627061381846,30.736543606483192,26.076715,2050.0,ab
2458324.7010301,p48r,341.13158929207924,86.63820503431103,25.514331,2050.0,ab
2458298.7640972,p48r,-25.313329936498526,48.57638590599711,26.070950999999997,2050.0,ab
2458307.8681481,p48r,371.2838450776945,30.725202371308164,25.920299,2050.0,ab
2458356.7595949,p48r,204.18549102926866,69.3299799048087,26.0691015,2050.0,ab
2458292.7822222,p48r,-21.674867517553892,39.092372539630304,26.0997325,2050.0,ab
2458305.684838,p48r,206.77585207603047,30.978214894317308,25.932111,2050.0,ab
2458374.6602894,p48r,84.80162455665896,33.71829943510948,26.101579,2050.0,ab
2458358.7434954,p48r,146.27471985260294,56.83967637309319,26.0531015,2050.0,ab
2458365.6430903,p48r,76.43979290402226,28.777409839034892,26.0568855,2050.0,ab
2458305.8505208,p48r,197.3162249414474,31.75584982265321,25.836323,2050.0,ab
2458323.7458218,p48r,466.7108330774694,49.03563624119391,26.108215,2050.0,ab
2458357.6935648,p48r,110.12478913658005,54.65750020289844,26.070560009999998,2050.0,ab
2458352.7621875,p48r,202.97451430886787,50.073384336467306,26.052004999999998,2050.0,ab
2458321.725,p48r,549.7104938295454,41.67865726485612,26.11582,2050.0,ab
2458319.7614931,p48r,583.1927471605093,36.271483538309354,26.094493,2050.0,ab
2458319.7350231,p48r,575.6940491877838,35.647042502248965,26.0156015,2050.0,ab
2458315.8208912,p48r,452.6411419529698,31.21501202776416,25.863466000000003,2050.0,ab
2458354.6843981,p48r,188.95785717253278,50.840689900046925,26.031237989999997,2050.0,ab
2458299.8841088,p48r,83.92505105195895,53.22848078584123,25.859460979999998,2050.0,ab
2458313.7233565,p48r,520.3288661037682,28.7823380191877,25.985237,2050.0,ab
2458297.7597338,p48r,23.302404802767754,58.092084170502694,26.084097,2050.0,ab
2458377.6775694,p48r,-0.011331999425017614,39.84769294770195,26.09776949,2050.0,ab
2458308.74125,p48r,373.001373289369,28.219262911702657,26.015380999999998,2050.0,ab
2458311.7022917,p48r,476.76849156556653,27.78819973910753,25.967223999999998,2050.0,ab
2458331.6813426,p48r,284.74567911310305,30.512024202295613,26.032249,2050.0,ab
2458367.7048495,p48r,120.69396739883238,33.141463550907815,26.031278,2050.0,ab
2458295.7639352,p48r,-20.449649881494167,47.18047253513775,26.113957,2050.0,ab
2458314.6780093,p48r,496.7999746761721,32.39047785666419,25.986695,2050.0,ab
2458359.7418866,p48r,122.7261653650843,59.74006594580165,26.016797,2050.0,ab
2458332.7589468,p48r,321.7541288913438,36.38188964126516,26.03852549,2050.0,ab
2458354.7417361,p48r,101.97517345484997,54.58462364903071,26.104026,2050.0,ab
2458304.8478704,p48r,186.36218142233355,34.676777429090116,26.044998999999997,2050.0,ab
2458293.7617477,p48r,66.32529146805426,42.11090322586742,26.106397,2050.0,ab
2458353.6541204,p48r,169.3245536036638,45.52236018164387,26.0550885,2050.0,ab
2458340.6819444,p48r,205.59827890874652,33.19343147082502,25.8257565,2050.0,ab
2458300.8473264,p48r,110.3481186168672,48.14019682715308,26.002411,2050.0,ab
2458311.703206,p48r,410.40748599182143,27.404810777755557,25.962429,2050.0,ab
2458314.6798264,p48r,507.25666849635087,31.720297391701965,26.002375,2050.0,ab
2458294.7814815,p48r,73.25988111913364,46.83502924827203,26.095012,2050.0,ab
2458288.8033218,p48r,-14.229184417520557,29.309349785896657,26.116176,2050.0,ab
2458330.8433333,p48r,295.26495401688766,58.25382506146631,25.9489275,2050.0,ab
2458325.7359375,p48r,426.5954073848881,57.97580773631554,26.00940849,2050.0,ab
2458312.7413426,p48r,444.13532191960974,28.535602218604268,25.990448,2050.0,ab
2458324.6828588,p48r,345.65659397211516,62.83630759353492,25.920344,2050.0,ab
2458319.7211458,p48r,424.29383019158377,35.551013633849216,26.015394,2050.0,ab
2458325.7251505,p48r,412.41518335549387,56.84455234704057,26.083185,2050.0,ab
2458322.7790162,p48r,519.3413333115578,44.5135317710848,26.118671,2050.0,ab
2458353.7803356,p48r,99.5468636832052,53.73684391545741,26.073581,2050.0,ab
2458350.6617361,p48r,130.5312979442281,38.7919119917243,26.095776,2050.0,ab
2458290.7598495,p48r,-14.661279256835861,34.772505487863654,26.080302,2050.0,ab
2458303.8491782,p48r,95.16810798405274,35.41964574236695,26.01852,2050.0,ab
2458288.7810648,p48r,22.980211858163983,30.635590253848484,26.133378,2050.0,ab
2458351.7047917,p48r,119.72114192639651,41.010921693000356,26.093609,2050.0,ab
2458327.7999884,p48r,287.17314598692394,67.19032932595891,25.784247009999998,2050.0,ab
2458300.8247454,p48r,70.78772326940606,47.70049034198221,26.004133000000003,2050.0,ab
2458334.6664352,p48r,291.3464088085034,33.00458914448637,26.089367499999998,2050.0,ab
2458287.8033681,p48r,15.057268005121827,24.943393129490403,26.096424,2050.0,ab
2458289.7379745,p48r,48.953216520105144,33.37244933126004,26.083377000000002,2050.0,ab
2458326.7814236,p48r,349.29211070388476,61.50660877973059,25.9058455,2050.0,ab
2458301.6805324,p48r,30.233772906633956,31.790271065101358,26.091541,2050.0,ab
2458315.7468519,p48r,380.4224823009421,37.386516031412356,25.646932,2050.0,ab
2458287.760787,p48r,3.103780309620216,26.62415272003342,26.1163,2050.0,ab
2458316.7403588,p48r,529.0751621157976,29.94281124304359,25.994635000000002,2050.0,ab
2458361.746412,p48r,125.27847482116614,44.585254111244986,26.088668,2050.0,ab
2458352.7349884,p48r,107.61056519487697,48.878668682948415,26.061004999999998,2050.0,ab
2458298.8271181,p48r,51.67728097684997,52.393317539985766,25.95039349,2050.0,ab
2458370.6531134,p48r,81.9074087239882,32.010508638172254,26.080947000000002,2050.0,ab
2458361.7598843,p48r,72.6272278783562,46.81490906030054,26.087842000000002,2050.0,ab
2458322.7645833,p48r,501.2696529920501,43.13556931046927,26.145103000000002,2050.0,ab
2458305.6857407,p48r,238.14905945886127,30.684187338018134,25.916587,2050.0,ab
2458374.6325926,p48r,139.758927463571,34.49480347599232,26.144807,2050.0,ab
2458301.846875,p48r,102.34086295693528,42.07668400758132,26.0391595,2050.0,ab
2458292.7476157,p48r,19.847638177999272,39.51640140542358,26.103012,2050.0,ab
2458355.7369097,p48r,226.6154055921665,58.86916309364645,26.095493,2050.0,ab
2458304.8273958,p48r,177.4839735192126,32.257166217046304,26.063511000000002,2050.0,ab
2458353.7794213,p48r,183.0227791247221,53.67844645368836,26.068797,2050.0,ab
2458291.7799421,p48r,55.12590240249197,37.328889292362454,26.088019000000003,2050.0,ab
2458375.620162,p48r,76.27697726944791,58.79297489810929,26.131043,2050.0,ab
2458312.7209606,p48r,450.9709491755835,28.7903472975328,25.97919,2050.0,ab
2458370.6399074,p48r,83.78793154057585,32.226611709976474,26.0732595,2050.0,ab
2458291.7452315,p48r,44.07499501590199,38.10087982017826,26.071414,2050.0,ab
2458328.8295602,p48r,241.94921416870142,73.19887388982498,25.928832999999997,2050.0,ab
2458344.6847917,p48r,203.2642178346218,30.450459967762427,26.055652,2050.0,ab
2458369.6341435,p48r,69.93900395433377,34.891609754515294,26.0884175,2050.0,ab
2458286.8266204,p48r,-3.136138967563257,23.314030775484447,26.048666500000003,2050.0,ab
2458385.6825926,p48r,-249.7470319059713,80.60837438936682,25.851993,2050.0,ab
2458329.8031597,p48r,287.12926185474714,55.411355451152154,26.023542,2050.0,ab
2458320.7666204,p48r,525.8203972432467,39.00870041303827,26.113298,2050.0,ab
2458314.7035069,p48r,567.4167260034334,29.713893611698147,25.974817,2050.0,ab
2458378.636331,p48r,82.88536994986781,36.81512825824779,26.13561499,2050.0,ab
2458307.6821181,p48r,277.429627567088,29.951705372508886,25.9992345,2050.0,ab
2458297.8203472,p48r,42.1431769493376,60.58848724383253,26.004661,2050.0,ab
2458358.7216319,p48r,78.00323835080643,53.12682112072533,26.0412635,2050.0,ab
2458368.6850694,p48r,128.59264021493163,31.548912532567012,26.08300451,2050.0,ab
2458290.8438194,p48r,24.743129360622625,31.39941309900291,26.0734135,2050.0,ab
2458295.7460532,p48r,-8.482661854990727,47.09102965323199,26.119373,2050.0,ab
2458287.7881597,p48r,-46.655304391361454,25.457145981718245,26.089577000000002,2050.0,ab
2458287.7616898,p48r,61.299930934638354,26.24184252124659,26.11098301,2050.0,ab
2458292.7604282,p48r,55.00632440555232,39.15114282410217,26.105773,2050.0,ab
2458296.783044,p48r,-60.712745656053244,51.02135427239017,26.120696,2050.0,ab
2458331.6804167,p48r,318.81780644903455,30.230182330569974,26.0477335,2050.0,ab
2458306.6968403,p48r,255.28004417454267,27.332827766150995,25.964582,2050.0,ab
2458349.7365278,p48r,122.32253193509527,41.27566578779574,26.067226,2050.0,ab
2458319.7176968,p48r,467.8686390819748,35.6541758023796,25.91204651,2050.0,ab
2458351.6534491,p48r,250.75407708192017,40.07469498632787,26.12976,2050.0,ab
2458299.8457986,p48r,66.84805675109227,49.12443798858759,25.86567299,2050.0,ab
2458326.8270718,p48r,265.40341568972786,64.5821318132049,25.530889000000002,2050.0,ab
2458294.7418634,p48r,28.065331959282457,45.860016525080475,26.106229,2050.0,ab
2458382.6426389,p48r,63.62170184040795,46.065557332960964,26.1121615,2050.0,ab
2458307.7036227,p48r,271.1643143650999,28.169381486878372,26.003885500000003,2050.0,ab
2458372.6567593,p48r,140.90613376406665,31.64611743343929,26.148094,2050.0,ab
2458326.8058681,p48r,308.5114319509372,62.51394145073764,25.7356615,2050.0,ab
2458356.7195949,p48r,214.66091520875608,63.607855930796546,26.076692,2050.0,ab
2458327.8192593,p48r,335.69892949711016,70.16847439906805,25.760826,2050.0,ab
2458314.7139583,p48r,430.72349287325585,29.949776614352167,25.989346,2050.0,ab
2458389.6170486,p48r,12.310815424052123,36.20354741688323,26.076267,2050.0,ab
2458308.7421644,p48r,406.3506406789228,28.491867557324746,26.015887499999998,2050.0,ab
2458369.681088,p48r,91.16376426162458,32.9020264397141,26.0737035,2050.0,ab
2458350.6790741,p48r,228.76773139274155,38.78873711788317,26.104452,2050.0,ab
2458377.6611806,p48r,82.58434789840717,38.806285799281085,26.0831795,2050.0,ab
2458359.7046991,p48r,-78.91015661695839,61.298992896578866,25.778698,2050.0,ab
2458299.8448958,p48r,1.722321118781963,49.257333386846945,25.85627799,2050.0,ab
2458322.7420023,p48r,482.2990393394418,42.05559590793766,26.162419999999997,2050.0,ab
2458372.6373148,p48r,130.6828557254908,33.42232602398736,26.143655,2050.0,ab
2458349.7667245,p48r,88.59960751461588,42.74886396048554,26.023105,2050.0,ab
2458353.7344213,p48r,154.54741598561887,48.91646937791811,26.116003,2050.0,ab
2458288.7685301,p48r,22.354078583007862,30.82203134754797,26.140761,2050.0,ab
2458324.7457755,p48r,482.9282838925027,54.08949920267267,26.064855,2050.0,ab
2458359.7208102,p48r,-6.630780646065517,73.29283687102688,25.667531,2050.0,ab
2458311.7170949,p48r,390.97335472593284,28.42578343526667,25.911347,2050.0,ab
2458311.6831366,p48r,430.0885306547075,28.45571923123192,25.957818,2050.0,ab
2458362.6600694,p48r,139.0312621650797,29.96843212202886,26.120243000000002,2050.0,ab
2458325.7633102,p48r,421.33843312141835,60.47733842822955,26.057336,2050.0,ab
2458293.7470139,p48r,8.302695328508818,41.677055576669154,26.085577,2050.0,ab
2458352.7218287,p48r,116.20071876256051,48.91982583060195,26.041304,2050.0,ab
2458357.7822569,p48r,9.585995104132607,67.1395583418207,26.03896201,2050.0,ab
2458327.7809722,p48r,364.0954661562557,69.3558947560131,25.988194,2050.0,ab
2458382.6551736,p48r,192.4865820675705,47.53987804341289,26.10353,2050.0,ab
2458337.6954398,p48r,343.5277566669297,28.217460114869734,26.117886000000002,2050.0,ab
2458350.6800116,p48r,185.59735765801548,38.63448316289724,26.103603,2050.0,ab
2458356.7059259,p48r,67.907104162596,61.7805400983719,26.100683999999998,2050.0,ab
2458298.7870023,p48r,-17.38837528818737,49.15529386989624,25.9561385,2050.0,ab
2458328.7843403,p48r,347.99542583168983,62.06656951500495,26.025476500000003,2050.0,ab
2458356.7586806,p48r,128.87331974095684,68.90259426977916,26.08515,2050.0,ab
2458293.7860648,p48r,31.941580451672422,41.724021400591326,26.038304,2050.0,ab
2458315.8470255,p48r,414.86642243356573,33.367905371572924,25.814089,2050.0,ab
2458368.6390394,p48r,214.214770776623,31.10329663416045,26.120726,2050.0,ab
2458367.6777083,p48r,98.31073189696386,31.749682176849678,26.064391999999998,2050.0,ab
2458354.7167824,p48r,177.33155226723306,89.15573461217365,25.599566,2050.0,ab
2458293.7460995,p48r,35.894551679033,41.57492038379762,26.065139990000002,2050.0,ab
2458381.6414236,p48r,34.97206635466875,44.332798653197834,26.075806,2050.0,ab
2458355.7579977,p48r,132.8915979729443,61.357735626659434,26.092323,2050.0,ab
2458383.6569097,p48r,27.207625236320837,54.520247894063466,26.060285999999998,2050.0,ab
2458296.7483681,p48r,-52.56174062120128,50.30496125594756,26.135785,2050.0,ab
2458350.6974306,p48r,140.09778129041771,39.367722275030815,26.077558999999997,2050.0,ab
2458303.804537,p48r,178.707302729098,32.05099342944633,26.062168,2050.0,ab
2458382.6184838,p48r,91.28549418032475,49.74708830125432,26.132704,2050.0,ab
2458377.6419213,p48r,35.94046604502784,37.12682455729267,26.096735,2050.0,ab
2458354.7003356,p48r,110.99615294702679,52.20375875451599,26.061507000000002,2050.0,ab
2458286.8040741,p48r,50.37207749224937,23.302987131894618,26.122578,2050.0,ab
2458286.7920833,p48r,8.811620459492714,23.322690619005673,26.077359,2050.0,ab
2458351.6784028,p48r,185.53353697355033,39.801355120573156,26.123952999999997,2050.0,ab
2458376.6195139,p48r,88.38835306576806,55.44041128729883,26.0963995,2050.0,ab
2458353.766088,p48r,121.01265899873184,51.79575113557195,26.078991,2050.0,ab
2458300.8576157,p48r,48.82023103690127,49.33369827300706,26.007424,2050.0,ab
2458360.7242824,p48r,-8.14299757549521,46.31224026068199,26.091506,2050.0,ab
2458299.8599421,p48r,-43.681909521305876,50.49937866183617,25.842374500000002,2050.0,ab
2458358.6931829,p48r,42.242083154154,49.04638103010987,26.1129905,2050.0,ab
2458361.6452431,p48r,77.735574537318,32.4192832291672,26.130806,2050.0,ab
2458331.6971759,p48r,314.9792210379193,29.161543751131052,26.0773035,2050.0,ab
2458294.757338,p48r,-48.06655178758554,46.10779274346904,26.110643,2050.0,ab
2458360.7615625,p48r,128.13743354470304,51.24887142617114,26.052456000000003,2050.0,ab
2458325.736875,p48r,383.70463988930305,58.152548265905544,26.035134,2050.0,ab
2458357.7616898,p48r,-13.653597046431075,63.584673718040875,25.990477000000002,2050.0,ab
2458383.6151273,p48r,19.048285381740932,60.32581700605119,26.071438999999998,2050.0,ab
2458329.8212963,p48r,337.21999573549203,59.31232785010591,25.972569,2050.0,ab
2458330.7994213,p48r,353.6349076910436,52.8351171994438,25.998074499999998,2050.0,ab
2458332.7779282,p48r,294.1991045040252,40.98989355625955,26.0456855,2050.0,ab
2458322.7410648,p48r,551.8482070713749,42.090799895753996,26.165429,2050.0,ab
2458321.741956,p48r,473.0757628628332,42.28751556606025,26.097282999999997,2050.0,ab
2458304.6870139,p48r,244.51861555807153,28.80135682984919,26.068547000000002,2050.0,ab
2458290.7621644,p48r,-27.417574370814382,34.777721470292384,26.086299490000002,2050.0,ab
2458308.817662,p48r,370.69192145227527,31.441417673580506,25.866479010000003,2050.0,ab
2458289.7576852,p48r,-42.56480530326371,32.711527055954086,26.081471,2050.0,ab
2458383.6356019,p48r,106.92453216203926,52.28992366390472,26.0601655,2050.0,ab
2458291.7654861,p48r,-52.79445263908018,37.4482545548067,26.070840999999998,2050.0,ab
2458367.6607986,p48r,78.23060520513751,31.20576143057687,26.065855000000003,2050.0,ab
2458353.6788773,p48r,181.6211680385978,45.89072327705158,26.121155,2050.0,ab
2458376.6645023,p48r,75.23770033325376,36.82683082621454,26.101198999999998,2050.0,ab
2458308.8441088,p48r,121.74728491275759,46.06609729216181,25.377992499999998,2050.0,ab
2458295.7828704,p48r,48.771439322579965,48.418112764884874,26.104326,2050.0,ab
2458357.7354977,p48r,205.05973463685154,59.963252005013324,26.052428,2050.0,ab
2458359.7642361,p48r,172.93838042900882,59.36067131419773,26.0377725,2050.0,ab
2458353.6559491,p48r,227.7409704095685,45.180118369251446,26.0758625,2050.0,ab
2458291.7818056,p48r,-67.53487160310341,37.804720621457015,26.123008499999997,2050.0,ab
2458297.7790394,p48r,-29.636608086504253,59.61031830233596,26.03666001,2050.0,ab
2458390.7181713,p48r,-23.9252052326365,56.78385735973417,26.009095990000002,2050.0,ab
2458349.7793171,p48r,35.003483094255145,44.141526126002,26.043257,2050.0,ab
2458337.6949537,p48r,297.3985103890178,29.257712011213453,26.116978,2050.0,ab
2458352.7631134,p48r,103.97546844884394,51.24602723659197,26.007099489999998,2050.0,ab
2458332.802581,p48r,389.83650880137327,49.41963061229313,25.891600999999998,2050.0,ab
2458290.8471065,p48r,59.23522232539014,31.410100291054565,26.134374,2050.0,ab
2458365.6569907,p48r,111.24453314642538,27.64167590669214,26.061859000000002,2050.0,ab
2458301.8695949,p48r,92.0179682742126,44.45225372344389,26.044701,2050.0,ab
2458371.6388079,p48r,60.235715549604365,31.03153765727904,26.152410000000003,2050.0,ab
2458295.8069907,p48r,-6.020757687910411,49.81109168544078,26.1289605,2050.0,ab
2458349.767662,p48r,30.627555834620228,44.53228712642884,26.020363,2050.0,ab
2458358.7425694,p48r,259.29821536315774,57.7073276339144,26.03918349,2050.0,ab
2458328.7862153,p48r,484.82897514201045,64.42670479616585,26.044957,2050.0,ab
2458370.6440972,p48r,53.072310658945554,32.09464313660886,26.07148499,2050.0,ab
2458325.7256366,p48r,416.0871644736087,58.75357171550559,26.113156,2050.0,ab
2458368.6836574,p48r,84.32623278837097,31.85592054395321,26.020295490000002,2050.0,ab
2458374.6339931,p48r,114.09865553328643,34.60716952838084,26.13138,2050.0,ab
2458369.6580208,p48r,168.42930266197786,33.01679911429536,26.107971,2050.0,ab
2458288.8056597,p48r,-16.19051299310928,29.393924457496915,26.166793,2050.0,ab
2458324.6995949,p48r,322.09461047779916,71.66551294380196,25.868721,2050.0,ab
2458286.8055093,p48r,4.353991006767666,23.564093875266067,26.1218195,2050.0,ab
2458301.6820139,p48r,139.82106601033095,31.09225986979051,26.099804,2050.0,ab
2458364.6755324,p48r,85.7105326994386,27.44237839763581,26.067249,2050.0,ab
2458298.7888773,p48r,10.116424239973707,50.23618439599316,25.950397,2050.0,ab
2458308.7463657,p48r,330.14857560750477,28.48240279406962,26.059635999999998,2050.0,ab
2458365.681956,p48r,131.56817068522685,28.63591689573797,26.022634,2050.0,ab
2458382.6571296,p48r,-107.47920915049565,48.404294161140456,26.07571,2050.0,ab
2458319.7355093,p48r,421.58988312091645,36.01524640045213,25.99046351,2050.0,ab
2458350.6636458,p48r,219.29452308752832,39.14346147582739,26.128711000000003,2050.0,ab
2458307.6839583,p48r,323.0190268092897,29.63309952445536,26.0140925,2050.0,ab
2458328.8286343,p48r,171.8607786655198,75.11597430270417,25.909674,2050.0,ab
2458305.6871644,p48r,167.42020484684446,30.692246255974048,25.965660000000003,2050.0,ab
2458356.7054398,p48r,55.41987839022765,63.711606043867896,26.06688,2050.0,ab
2458320.7652199,p48r,605.7462950374248,39.84695932856542,26.121004499999998,2050.0,ab
2458294.7833449,p48r,-42.94498766870634,47.15884646211214,26.108986990000002,2050.0,ab
2458377.6803819,p48r,62.235228232903395,40.73540226983269,26.089353,2050.0,ab
2458381.6428241,p48r,111.67844065174214,44.95752485113716,26.07281301,2050.0,ab
2458378.7487269,p48r,-12.218398052631152,48.463139140456555,26.048718,2050.0,ab
2458368.6577199,p48r,18.06433369955917,30.412540248766202,26.079832,2050.0,ab
2458374.6589005,p48r,46.1405008855603,33.910940861417814,26.111356999999998,2050.0,ab
2458296.7844676,p48r,32.87870337996481,52.75585568997874,26.161436,2050.0,ab
2458382.6435532,p48r,40.91251269289137,46.67667926657988,26.103454,2050.0,ab
2458353.7840509,p48r,54.45641683732756,55.554135318533326,26.0819205,2050.0,ab
2458297.8075116,p48r,147.40554184121186,60.82417722278521,26.0330505,2050.0,ab
2458364.6435069,p48r,77.39755164993876,27.824157918826696,26.03937699,2050.0,ab
2458325.7396875,p48r,537.5549745931837,59.88442927007962,26.110305,2050.0,ab
2458301.8459375,p48r,117.93835872810895,42.841785960477075,26.070426,2050.0,ab
2458354.7177083,p48r,47.02865923641463,88.27756623517467,25.70062799,2050.0,ab
2458299.8434838,p48r,10.699063485962471,49.899798855283336,25.94635901,2050.0,ab
2458361.7608102,p48r,57.55887914753356,48.34498455524582,26.092506,2050.0,ab
2458319.7434491,p48r,509.326481276006,36.59211197224584,26.022460000000002,2050.0,ab
2458315.747338,p48r,307.8380741995302,38.278601497712536,25.6902285,2050.0,ab
2458375.6767014,p48r,187.92047359336453,37.202670899616365,26.103294,2050.0,ab
2458319.7206597,p48r,475.78590423255537,36.192199927574904,25.9786195,2050.0,ab
2458321.778044,p48r,540.5773971000165,44.154120796873066,26.132046,2050.0,ab
2458315.8218171,p48r,544.1115789530174,31.7733062188487,25.947098999999998,2050.0,ab
2458305.8491088,p48r,227.69359340800204,31.809037620196314,25.96653801,2050.0,ab
2458298.7989583,p48r,38.31314989221348,50.822571141532784,25.966497,2050.0,ab
2458289.7389236,p48r,41.92142549440091,33.91500779255052,26.127017,2050.0,ab
2458331.6785648,p48r,324.93567362312837,30.46695025645058,26.058317,2050.0,ab
2458368.6376273,p48r,101.29038558095525,32.431949998305136,26.1371045,2050.0,ab
2458354.6608681,p48r,37.70837669258057,49.730629858256755,26.12747,2050.0,ab
2458386.7172106,p48r,10.306505297643078,82.14624897896306,25.996718989999998,2050.0,ab
2458299.8864236,p48r,16.379472055971586,55.13217126636754,25.946076,2050.0,ab
2458385.6830671,p48r,144.80172954792138,81.39945501638468,25.761575009999998,2050.0,ab
2458293.7488889,p48r,23.015391992396147,42.328286409360274,26.101561,2050.0,ab
2458326.7960532,p48r,303.00121038794595,65.47817172575512,25.960373999999998,2050.0,ab
2458375.6999306,p48r,4.032373338709338,38.125015685439955,26.084954,2050.0,ab
2458355.7406366,p48r,73.03680508157814,60.539093638476885,26.0901365,2050.0,ab
2458356.7605324,p48r,52.12909039285586,71.85647566889583,26.092587,2050.0,ab
2458303.8477199,p48r,191.3267579376331,35.6233657146851,26.0745225,2050.0,ab
2458369.6350694,p48r,76.15812789662193,34.72594851315601,26.129037999999998,2050.0,ab
2458308.7454514,p48r,378.80530420058477,28.545239296391614,26.061177999999998,2050.0,ab
2458322.7631713,p48r,478.25202391371465,44.058597941987294,26.127305,2050.0,ab
2458324.720463,p48r,210.35346988549827,85.48383943218224,25.592595499999998,2050.0,ab
2458329.8040972,p48r,240.67547596667194,57.52173802794998,26.036634,2050.0,ab
2458300.8261574,p48r,84.90660919026018,49.38644969300085,26.032168000000002,2050.0,ab
2458350.6837731,p48r,140.58093847421011,39.74141030150921,26.1366845,2050.0,ab
2458383.6593403,p48r,-85.35230465757883,55.73088564959636,26.062737,2050.0,ab
2458326.78,p48r,324.58059066221807,64.44085519249039,26.0231645,2050.0,ab
2458373.6822454,p48r,55.40736087635076,31.695265200443238,26.02806699,2050.0,ab
2458377.6376505,p48r,97.14935739285859,37.58404124356676,26.134979,2050.0,ab
2458376.6752778,p48r,85.02797208190344,38.29179490288462,26.1054475,2050.0,ab
2458371.659456,p48r,45.38785502306277,30.89163308198569,26.145181,2050.0,ab
2458372.6553704,p48r,24.480027562522423,32.90655642904449,26.111815,2050.0,ab
2458314.68125,p48r,428.0259198610561,31.411856379061387,26.028949,2050.0,ab
2458362.6581829,p48r,124.62870117503158,31.217578814053443,26.127439,2050.0,ab
2458373.6599074,p48r,47.76777025054243,31.693580186809886,26.08614301,2050.0,ab
2458325.7265625,p48r,214.42932771761406,58.176437607188326,26.093536,2050.0,ab
2458296.7493287,p48r,-20.69898196424963,51.87457455127982,26.1555915,2050.0,ab
2458389.6165625,p48r,38.91758555922374,36.83768602850454,26.063782,2050.0,ab
2458379.7400926,p48r,38.309211728248144,49.75471383295542,26.067688999999998,2050.0,ab
2458358.6941088,p48r,172.3808692023972,50.65698834869837,26.07572799,2050.0,ab
2458295.7847454,p48r,53.81766922041366,49.127385401577676,26.1284315,2050.0,ab
2458360.7813773,p48r,66.69573776515077,55.55394547803695,26.02052549,2050.0,ab
2458314.7011806,p48r,559.0491446202218,30.37202249375113,26.0269255,2050.0,ab
2458353.6996875,p48r,92.90910100126737,49.74995986036924,26.133208999999997,2050.0,ab
2458334.6655093,p48r,327.75030738358765,34.70383097127041,26.111280999999998,2050.0,ab
2458376.6640278,p48r,79.51310271277063,37.67907691221578,26.114023,2050.0,ab
2458325.7628241,p48r,349.48586726434814,61.50236513189343,26.108962,2050.0,ab
2458289.7590972,p48r,-29.569733197066444,33.161916278187945,26.114377,2050.0,ab
2458290.7635648,p48r,-76.17827254332171,35.08271976604042,26.110564999999998,2050.0,ab
2458349.7421875,p48r,232.43842759544657,42.96234263697576,26.051295,2050.0,ab
2458371.6603704,p48r,8.431715122919465,31.110291562682487,26.133768,2050.0,ab
2458300.8581019,p48r,2.7777696928040996,49.81359136474841,26.050538999999997,2050.0,ab
2458291.7668866,p48r,32.254886862052956,38.09983324222459,26.140953,2050.0,ab
2458290.8306134,p48r,14.287657650819305,33.23223111587411,26.104091999999998,2050.0,ab
2458390.7015278,p48r,6.842778730364607,51.823977512069284,26.032419,2050.0,ab
2458365.6810417,p48r,102.91222311808637,28.533699771534337,26.033039499999997,2050.0,ab
2458356.7387384,p48r,165.04760621941296,67.59247553785805,26.068487,2050.0,ab
2458315.8479514,p48r,558.4684027404392,34.132210152742914,25.914396,2050.0,ab
2458311.7189352,p48r,371.87226941663346,30.020324717571224,25.895635000000002,2050.0,ab
2458300.8440394,p48r,107.36929793580758,48.900739378896766,26.025806,2050.0,ab
2458387.6390162,p48r,39.7161198116772,56.756907593818866,26.094732999999998,2050.0,ab
2458358.720706,p48r,233.04346572944564,55.22587301063626,26.041947009999998,2050.0,ab
2458308.8450347,p48r,271.9087384740707,46.07114225319933,25.506739500000002,2050.0,ab
2458291.8025926,p48r,-100.96868642814047,37.77624068553288,26.1348875,2050.0,ab
2458384.6460301,p48r,48.957259269150846,60.472188982449076,26.062648,2050.0,ab
2458332.7598727,p48r,224.3172684420921,37.916827566083555,26.059903000000002,2050.0,ab
2458372.6430093,p48r,89.56982100252324,31.906225585794193,26.1615525,2050.0,ab
2458367.7043634,p48r,-3.9020793779605754,33.58456037193423,26.01609899,2050.0,ab
2458352.7434144,p48r,49.32958538225159,49.94747593383771,26.038425999999998,2050.0,ab
2458378.7181134,p48r,45.65027630596541,44.08102353714144,26.074344,2050.0,ab
2458354.7408102,p48r,199.50794121610446,55.672591232436346,26.0944485,2050.0,ab
2458286.8271065,p48r,-8.445104042800091,23.457794771818616,26.008575,2050.0,ab
2458385.6928588,p48r,-120.61723422511533,70.31945542084617,26.048196,2050.0,ab
2458359.7674421,p48r,57.930736604917016,68.61790145176201,25.9572995,2050.0,ab
2458360.7459028,p48r,55.72679386734137,49.834608239160524,26.0563325,2050.0,ab
2458373.6290394,p48r,49.17536002000328,36.04945729614362,26.095012,2050.0,ab
2458357.7373727,p48r,168.93288363732006,61.224676268191196,26.057420009999998,2050.0,ab
2458340.680463,p48r,213.92238503254092,34.580147793622864,25.824461000000003,2050.0,ab
2458329.8222222,p48r,196.37482086723298,60.880468721527365,25.981429000000002,2050.0,ab
2458287.7654514,p48r,12.837702735604926,26.086082414663284,26.144393,2050.0,ab
2458371.680544,p48r,106.07357227509009,31.33292126220614,26.080600999999998,2050.0,ab
2458322.7804282,p48r,585.638247840019,45.74329229408544,26.148531,2050.0,ab
2458287.7857986,p48r,29.618268671934455,25.40556074306133,26.1311965,2050.0,ab
2458346.6768866,p48r,228.66857905911615,32.255985340035764,26.072995,2050.0,ab
2458306.6987384,p48r,283.28058438343544,27.588987940980147,25.987761999999996,2050.0,ab
2458364.6538426,p48r,78.48359394406006,26.69166266387156,26.037717,2050.0,ab
2458389.7175347,p48r,-3.1688358971442767,65.54239371831886,25.949152,2050.0,ab
2458292.8002778,p48r,-2.6374484329271866,39.69974520547208,26.149306,2050.0,ab
2458372.6815278,p48r,141.01137155612983,34.321213395314196,26.07260299,2050.0,ab
2458313.7219444,p48r,511.16116974758063,28.757402133379045,26.038168,2050.0,ab
2458351.701331,p48r,68.65674879166875,41.97957781887924,26.106639,2050.0,ab
2458307.7022106,p48r,366.55566132109396,28.534331534519104,26.048553,2050.0,ab
2458303.8227431,p48r,182.55913948055442,33.959673518635626,26.088320500000002,2050.0,ab
2458304.8469444,p48r,269.6623146003439,34.619465360858506,26.100347,2050.0,ab
2458369.680162,p48r,90.22606177745433,34.54639283012073,26.0728115,2050.0,ab
2458381.6404745,p48r,122.53280175756599,44.904909942510315,26.036825009999998,2050.0,ab
2458357.6816319,p48r,-33.75841889574214,54.71071619657652,26.016153000000003,2050.0,ab
2458299.8416551,p48r,24.448466915740326,50.12542329722988,25.96222049,2050.0,ab
2458353.741331,p48r,51.40190020192631,51.171262797842516,26.116626,2050.0,ab
2458321.7443056,p48r,569.5612104159213,42.4969347818766,26.084875,2050.0,ab
2458351.6736458,p48r,112.12132927576313,40.66470457105087,26.12163,2050.0,ab
2458298.7645833,p48r,9.699436581150792,49.426035599878034,26.0417265,2050.0,ab
2458386.7022222,p48r,-32.12828242369592,78.04558551035699,26.037816,2050.0,ab
2458349.7412616,p48r,146.90540550654055,42.534682171497174,26.043955,2050.0,ab
2458292.7471296,p48r,73.64427270811751,40.290085345787126,26.108637,2050.0,ab
2458322.7401389,p48r,549.8127343526849,43.18072617305753,26.170387,2050.0,ab
2458327.786169,p48r,438.32158248427777,69.98400315461811,25.929863,2050.0,ab
2458377.6625694,p48r,188.16374994944252,39.87078513465623,26.1134275,2050.0,ab
2458343.6590972,p48r,265.58812609994516,32.97050937727572,26.10869,2050.0,ab
2458287.7848843,p48r,17.42916228009618,25.61011624429895,26.139114999999997,2050.0,ab
2458359.7868519,p48r,-18.181081635953774,72.48034296785767,25.905682,2050.0,ab
2458331.7177083,p48r,310.13736988658775,31.194475000804733,26.072502,2050.0,ab
2458327.8046528,p48r,229.40037010299824,70.66750338053619,25.8387195,2050.0,ab
2458370.7603356,p48r,-40.00773536865711,41.349252383745124,25.989847500000003,2050.0,ab
2458387.6218287,p48r,38.770277314339836,52.07404670316089,26.104673,2050.0,ab
2458299.8632292,p48r,-66.1515216854957,51.806089959299314,25.9106195,2050.0,ab
2458332.7788657,p48r,273.66478912161847,42.61506904639677,26.041419,2050.0,ab
2458307.8690741,p48r,333.960113539736,31.055931961264303,25.9776765,2050.0,ab
2458303.8078356,p48r,105.04877042328614,32.592805157081855,26.086521,2050.0,ab
2458304.8264583,p48r,159.065315058355,32.125515072251176,26.1138825,2050.0,ab
2458370.6560185,p48r,34.64197705589947,32.48992805293434,26.057711010000002,2050.0,ab
2458367.6593866,p48r,97.22732922713273,31.58575239148702,26.01158099,2050.0,ab
2458367.6781944,p48r,105.64824655079762,32.595542664006004,26.072319999999998,2050.0,ab
2458297.7606597,p48r,-2.2711894379982986,59.767641487506424,26.0657635,2050.0,ab
2458314.7020949,p48r,529.1792019106044,31.111185683568266,26.02483,2050.0,ab
2458288.7699537,p48r,27.270963630539732,30.615861732794595,26.173419,2050.0,ab
2458311.7180208,p48r,351.18528243589043,29.443077477029846,25.929247,2050.0,ab
2458356.7443056,p48r,185.56225360028338,68.61487065176912,26.0745085,2050.0,ab
2458368.6595486,p48r,59.70898215772976,30.29426635813057,26.04611601,2050.0,ab
2458287.8052315,p48r,2.3515601751714,24.605212269606028,26.137677,2050.0,ab
2458357.7598148,p48r,145.94280481964995,65.08024728056654,26.036790489999998,2050.0,ab
2458294.8039236,p48r,149.23409033089854,47.645816441933135,26.116753499999998,2050.0,ab
2458288.7834028,p48r,-48.20285909301211,30.309669434461007,26.185991,2050.0,ab
2458314.7167245,p48r,594.3455317942174,30.253980688446244,26.05621,2050.0,ab
2458292.8197454,p48r,70.39892465217889,40.20847805495094,26.14682851,2050.0,ab
2458387.6209144,p48r,-53.307778565808476,51.707769107105264,26.0842645,2050.0,ab
2458352.7425,p48r,103.87997464089065,50.28173940823003,26.060686999999998,2050.0,ab
2458321.7287731,p48r,526.3628099330563,42.8156133365603,26.119236,2050.0,ab
2458357.781331,p48r,71.65907483580627,69.32057148382425,26.023342999999997,2050.0,ab
2458381.6604282,p48r,4.229156435760706,46.631627039888514,26.095449,2050.0,ab
2458323.7425231,p48r,394.2298124648096,50.378876084607036,26.097119,2050.0,ab
2458374.6598032,p48r,33.73302889487819,34.236754672043496,26.118976,2050.0,ab
2458311.6840856,p48r,439.01729417671356,28.714903056652776,26.004715,2050.0,ab
2458365.6366898,p48r,104.9430795460713,33.22707093624347,26.090746,2050.0,ab
2458308.8190741,p48r,335.1851446065922,39.204063475721846,25.677568,2050.0,ab
2458352.7204167,p48r,282.1302817026326,51.0008458602336,26.0394385,2050.0,ab
2458311.6999653,p48r,535.6970198150809,27.726535975109254,26.003923999999998,2050.0,ab
2458381.6224769,p48r,76.80743781799058,46.78140512050516,26.141845,2050.0,ab
2458293.7608218,p48r,11.427180368762151,42.59374503049896,26.154460999999998,2050.0,ab
2458324.6837963,p48r,255.63525681992115,89.61150960181807,25.627886,2050.0,ab
2458354.6989236,p48r,72.52091572305605,52.29329692235126,26.0511325,2050.0,ab
2458356.7210069,p48r,95.96477187491291,65.49811667452991,26.09291249,2050.0,ab
2458384.6534722,p48r,22.18822875249714,61.390514911964026,26.0498145,2050.0,ab
2458390.7172569,p48r,-62.254217966407886,56.19521564738915,26.006785,2050.0,ab
2458328.7881019,p48r,320.34915767659743,65.45535110423481,26.05697599,2050.0,ab
2458319.7817477,p48r,628.5473600632702,36.23509004888528,26.1174515,2050.0,ab
2458350.698831,p48r,131.24893417540054,39.80052778523984,26.096467,2050.0,ab
2458293.7846412,p48r,51.54478579462099,42.49785465767985,26.09988299,2050.0,ab
2458383.636088,p48r,115.17841420301802,54.0065832037373,26.067052999999998,2050.0,ab
2458376.6960648,p48r,16.283759806183465,39.620719425053515,26.071991,2050.0,ab
2458293.7498032,p48r,-23.775581732893247,42.22833844404174,26.12264,2050.0,ab
2458290.8296991,p48r,21.451365882546582,33.29124347088189,26.097237,2050.0,ab
2458361.7869907,p48r,49.580441334303536,52.53370248597185,26.036678,2050.0,ab
2458385.7126852,p48r,64.40482078822885,75.15444657033525,26.042708,2050.0,ab
2458295.7653472,p48r,-14.600882958625977,48.342640347114504,26.12415,2050.0,ab
2458382.621875,p48r,-7.4590977116350885,47.604074598176496,26.109911,2050.0,ab
2458367.6302894,p48i,78.47276339530333,44.90691219028445,25.53354649,2050.0,ab
2458331.8207176,p48i,92.31234782205294,41.81079675369713,25.35984699,2050.0,ab
2458363.642037,p48i,20.30752666156757,29.83028471792392,25.469251,2050.0,ab
2458289.8515162,p48i,-10.787048918540965,29.776579943459776,25.468096,2050.0,ab
2458303.8895023,p48i,70.51509918947733,34.68985867443007,25.472103,2050.0,ab
2458379.6381019,p48i,31.20822819600114,32.88940052687528,25.515625,2050.0,ab
2458345.6524537,p48i,160.4280982779815,39.996642885063565,25.473012,2050.0,ab
2458294.8504514,p48i,-19.52026239154545,43.46528169603172,25.5196835,2050.0,ab
2458325.8017014,p48i,164.79499960753088,49.202227273752165,25.41095351,2050.0,ab
2458362.7812731,p48i,33.01548323591642,36.56515538141994,25.436579010000003,2050.0,ab
2458366.7844907,p48i,75.68361171966782,40.955682261216985,25.429109,2050.0,ab
2458295.8201736,p48i,-77.30549599125874,42.52661586673812,25.595633,2050.0,ab
2458379.6390278,p48i,21.65237964832089,33.43186649729838,25.588100989999997,2050.0,ab
2458289.8524421,p48i,-11.457356050634544,30.173302897415166,25.56917299,2050.0,ab
2458320.7218287,p48i,207.6643634456328,37.91866186895411,25.5828445,2050.0,ab
2458308.6797338,p48i,18.226249317209234,34.499074393582006,24.23172,2050.0,ab
2458331.8239236,p48i,120.15423468581567,44.50993797676876,25.4736985,2050.0,ab
2458312.6868519,p48i,191.38301205861862,30.314978127465434,25.427729,2050.0,ab
2458338.6624884,p48i,110.28900981504563,33.15670955774916,25.502969,2050.0,ab
2458348.6796528,p48i,157.07297604184637,34.22489841739502,25.485165,2050.0,ab
2458344.8229282,p48i,60.808659243812656,35.37289772435909,25.4285325,2050.0,ab
